text,first_frame,avg_confidence
Skinte,30,0.9999194067368633
Type Ihelp for a list of commands,30,0.8420470282591835
[00.00] Snowdown map skin and accents are enabled,30,0.9473427185135277
[00.00] They can be toggled on or offffrv pptions,30,0.6609525586519681
[00:| 3] Starlight Poppy: draven thresh are trist thresh,30,0.9061461747273721
[00.| 3] Starlight Poppy: from last game xd,30,0.8442210501129804
[00.39] Shaco eats Ashe Clown (Shaco): ward,30,0.860696773354769
80,30,0.9995721520064854
30,30,0.9999074467751964
0.62,30,0.552062275164236
[00.00] They can be toggled on or off in Options,60,0.7484633551786765
[00:| 3] Starlight Poppy: from last game xd,60,0.8532713329730749
[00:40] Shaco eats Ashe Clown (Shaco): pls,60,0.7534713829228631
[00.45] arschbert (Orianna) is on the way,60,0.8367517189416941
[00.49] [All] Rutho (Kled): your invade is racism,60,0.659232924611338
[00.52] Shaco eats Ashe Clwn (Shaco):,60,0.6813908981055289
fuck she,60,0.9999276783900529
0.6,60,0.9990922808647156
[00.49] [AlI] Rutho (Kled): your invade is racism,90,0.5098667818316474
[00.52] Shaco eats Ashe Clown (Shaco):,90,0.985583554185962
[00.57] Shaco eats Ashe Clown (Shaco): fuck she star,90,0.7556131528713356
[0 [:02] [All] Starlight Poppy (Illaoi): malphite from las,90,0.871738405751884
[0[.09] [All] Skinte BnCo (Thresh): the racist,90,0.6009115399810936
"Imsg ""Starlight Poppy"" brl",90,0.6987908987696925
En 3 S A 1 Lojjo_oi,120,0.009383535607769616
[00.57] Shaco eats Ashe Clow/r (Shaco): fuck she star,120,0.47572467206145824
[01.02] [All] Starlight Poppy (Illaoi): malphite from las,120,0.772452555759006
[0[.09] [All] Skinte BnCo (Thresh): the racist y,120,0.38603422205639426
[0I:12] [To] Starlight Poppy: brorze icon Fiakia,120,0.6039229930229869
[0I:16] [Alj Rutho (Kled): TELL ME,120,0.6118909037332295
[0[:19] [All] Rucho (Kled): IN WHICH POINT,120,0.413203362569045
[01.20] [All] KrowNNN (Draven): didnt he say some,120,0.736416730707538
[0[.21] [All] Rutho (Kled): WAS RASISTIC,120,0.8035722481955084
[01.22] Starlight Poppy (Illaoi): racist about?,120,0.8554515933727659
[0[.21] [All] Rutho (Kled): [ WAS RASISTIC,150,0.4711317589843959
[0[.27] Shaco eats Ashe Clown (Shaco): :D,150,0.6210818640072409
[0|.28] Shaco eats Ashe Clown (Shaco): xd,150,0.5749709025108702
[0[:33] [All] Rutho (Kled): i just report u 2 guys,150,0.4577681576022475
[0[:36] Skinte BnCo (Thresh): arabs,150,0.4669681990613171
[01.38] Shaco eats Ashe Clown (Shaco): ty,150,0.5675932674291341
84,150,0.9999998314126101
33,150,0.9999942680334141
0.7,150,0.6340674161911011
0.8,180,0.9999824495142035
[01.21] [All] Rutho (Kled): WAS RASISTIC,210,0.628235036555525
[0[.22] Starlight Poppy (Illaoi): racist about?,210,0.6975440390579685
[01.28] Shaco eats Ashe Clown (Shaco): xd,210,0.9192612569011962
[0|.36] Skinte BnCo (Thresh): arabs,210,0.4032889047877428
"[0[.38] Shaco eats Ashe Clown (Shaco): ty ,",210,0.6536594535850013
[01:42] Skinte BnCo (Thresh): syrian,210,0.7239081096661911
82,240,0.999999915706304
35,240,0.9999941837398596
[01.2I] [All] Rutho (Kled): WAS RASISTIC,270,0.6739549897499735
[0|.27] Shaco eats Ashe Clown (Shaco): :D,270,0.6152937757728928
[0|.28] Shiaco eats Ashe Clown (Shaco): xd,270,0.7067802281589209
[0I.33] [All] Rutho (Kled): i just report u 2 guys,270,0.46385930280732945
[0|.36] Skinite BnCo (Thresh): arabs,270,0.45692740855081215
[0|.38] Shaco eats Ashe Clown (Shaco): ty,270,0.4968604059221565
87,270,0.9999979769518709
[01.21] [All] Rutho (Kled): 1 WAS RASISTIC,330,0.5639143460886032
[0[.28] Shaco eats Ashe Clown (Shaco): xd,330,0.6021104378397272
[0I.36] Skinte BnCo (Thresh): arabs,330,0.33598923060862723
[0[.38] Shaco eats Ashe Clown (Shaco): ty,330,0.6738115278159018
[0|:42] Skinte BnCo (Thresh): syrian,330,0.636319156725923
[01.33] [All] Rutho (Kled): i just report u 2 guys,360,0.6724177703703859
[0I.:38] Shaco eats Ashe Clown (Shaco): ty,360,0.44041609425478423
[0I:42] Skinte BCo (Thresh): syrian,360,0.5220944237188788
[03:12] Starlight Poppy (Illaoi) has targeted Rutho,360,0.6865964384768373
[03:|3] Shaco eats Ashe (Shaco) is on the way,360,0.5146395784635791
[03:[4] Rutho (Kled) has drawn first bloodl,360,0.802779365062755
[03.20] Starlight Poppy (Illaoi): Kled Flash,360,0.8150265471105179
[01.36] Skinte BnCo (Thresh): arabs,390,0.6830002060853373
"[01.38] Shaco eats Ashe Clown (Shaco): ty ,",390,0.6240518559544068
[01.42] Skinte BnCo (Thresh): syrian,390,0.8112401241499735
[03:13] Shaco eats Ashe (Shaco) is on the way,390,0.768003987749011
[03.[4] Rutho (Kled) has drawn first blood!,390,0.6551549945772789
[03.29] Starlight Poppy (Illaoi) purchased Control Wa,390,0.9432909676728176
91,390,1.0
38,390,0.9999961224921389
0.85,420,0.7707584625326558
[0/.38] Shaco eats Ashe Clown (Shaco): ty,450,0.8678571294391
[03:[3] Shaco eats Ashe (Shaco) is on the way,450,0.8080954066669697
[03:14] Rutho (Kled) has drawn first bloodl,450,0.6311654497895196
[03.29] Starlight Poppy (Illaoi) purchased Cortrol WVa,450,0.8375948521935666
[04.01] Shaco eats Ashe (Shaco) is on the way,450,0.8023140228561172
[03:[4] Rutho (Kled) has drawn first blood!,480,0.6435530514344506
[04:[3] Shaco eats Ashe (Shaco) has targeted Brad P],480,0.520573943120092
[04.23] Shaco eats Ashe (Shaco) is on the way,480,0.32982529706024744
[04.24] Shaco eats Ashe (Shaco) is on the way,480,0.6269784421241575
Ut,510,0.012059104261943988
[04.29] Shaco eats Ashe (Shaco) is on the way,510,0.8243801052963544
[04.30] Shaco eats Ashe (Shaco) is on the way,510,0.5368128277352979
[04.35] KrowNNN (Draven Xayah-Flashi,510,0.6445651507153596
[04.36] KrowNNN (Draven): Karma Flash,510,0.6154104718139604
[04.36] KrowNNN (Draven): Karnia Agrite,510,0.40831017512755585
[04.36] Shaco eats Ashe (Shaco) is on the way,510,0.9558457406163816
[04.37] KrowNNN (Draven): Xayah Heal,510,0.7265184707037208
[04.37] KrowNNN Drayen): Elise Flash,510,0.70130633987189
92,510,0.9999994942378553
[04.37] KrowNNN (Draven): Xayah Hleal,540,0.549703998140847
[04.37] KrowNNN (Drayen): Elise Flash,540,0.7296940530625801
[0441] KrovNNN (Draveni): Karrria Flash,540,0.4718894689508464
[04.42] KrorNNN (Draven): Karrria Igrite,540,0.3331293164774739
[04.42] KrowNNN (Draven): Xayah Flash,540,0.6265044380253432
[04.43] KroNNN (Draven): Xayah Hleal,540,0.5683513005286501
[04.44] KrowNNN (Draver): Elise Flash,540,0.6442855922000478
[04.44] Stiaco eats Ashe (Shaco): 9s,540,0.840696083266377
[04.41] KrowNNN (Draven): Karma Flash,570,0.6646953692108422
[04.42] KrowNNN (Draven): Karma Ignite,570,0.7665463708493101
[04.43] KrowNNN (Draven): Xayah Heal,570,0.7052670303540084
[04.44] KrowNNN (Draven): Elise Flash,570,0.975987530492436
[04.44] Shaco eats Ashe (Shaco): Q 9s,570,0.9139450739805308
[04.59] Skinte (Thresh) purchased Control Ward,570,0.7984511372442001
[05.07] Starlight Poppy (Illaoi): that's so stupid,570,0.8760783598297189
96,570,0.9999960381985386
41,570,0.8713487386703491
a  3nn 1,600,0.010290943468047275
[05.18] KrowNNN (Draven): illaoi is op as fuck,600,0.6931150476973746
[04.44] Shaco eats Ashe (Shaco): Q - 9s,630,0.36984286375233266
[05.32] Starlight Poppy (Illaoi): kled too,630,0.9730754591683858
[05.33] Shaco eats Ashe Clown (Shaco): xd,630,0.8318718350087859
[05.34] [All] Rutho (Kled): who were u in the last gan,630,0.6711049910217142
[05.38] [All] Scarlight Poppy (Illaoi): leona,630,0.8721700650220701
[05.34] [AIl] Rutho (Kled): who were U inj the last gar,660,0.7164954552076095
[05.38] [AJl] Scarlighi Popp] (Illaoi): leona,660,0.738639995932839
[05.46] [Allj Rutho (Kled}; in my team!,660,0.5902888579625256
[05.46] Stiaco eats Ashe (Sfiaco) is OfJ the way,660,0.40257455133570536
[05.47] Shaco eats Ashje (Sfiaco) is Orl the way,660,0.26794163046357894
[05.48] Sfiaco eats Ashie (Sfiaco) is onj the way,660,0.29704747076372084
[05.49] Starlight Poppy: IJO,660,0.702739213554327
[05.50] [All] Scarlighc Popp] (Illaoi): no,660,0.750339397219697
[05.46] [All] Rutho (Kled): in my team?,690,0.5710805108425467
[05.46] Shaco eats Ashe (Shaco) is onJ the way,690,0.6686144582681384
[05.47] Shaco eats Ashe (Shaco) is OnJ the way,690,0.5303480225232509
[05.48] Shiaco eats Ashie (Sfiaco) is OfJ the wray,690,0.23153867476192402
[05.49j Starlight Poppy: nJo,690,0.35313275389947113
[05.50] [AJl] Scarlight Poppy (Illaoi): no,690,0.6040064461427535
[05.58] Stiaco eats Ashie (Sflco) sigrials that ereries,690,0.2957640256073579
[06.07] [All] Rutho (Kled): r U prerade with draven?,690,0.7882125188466693
88,690,0.9999989041821146
"[05.49] Starlight Poppy:"" no",720,0.704137081920346
[05.50] [All] Scarlight Poppy (Illaoi): no,720,0.7804920718670818
[05.58] Shaco eats Ashe (Shaco) signals that enemies,720,0.9225252491244574
[06.07] [All] Rutho (Kled): r u premade with draven?,720,0.5599234739926371
[06.|4] [AlI] Skinte BnCo (Thresh): are U stupid,720,0.7085443502239848
[06.|5] [All] Rutho (Kled): nvm im dumb,720,0.7628256545761116
[06:|6] arschbert (Orianna) purchased Control Ward,720,0.6642801044807082
[06:16] [All] Rutho (Kled): Ye,720,0.6749566181132824
0.82,720,0.511688611169161
[05.58] Shaco eats Ashe (Shaco) sigrals that eneries,750,0.7654827639272049
[06.07] [All] Rucho (Kled): T u premade with draven?,750,0.5544969393524561
[06:[4] [All] Skinte BnCo (Thresh): are u stupid 1,750,0.722752360054792
[06:[5] [All] Rucho (Kled): nvm im dumb,750,0.5458173054730755
[06:16] arschbert (Orianna) purchased Coritrol WVarc,750,0.6590817466812158
[06:16] [All] Ruchio (Kled): Ye,750,0.544490793236775
[06.32] [All] Skinte BnCo (Thresh): racistr and dumb,750,0.7958381552764403
[06.36] [Allj Skinte BnCo (Thresh): nice combo,750,0.6823834332675339
44,780,0.8700169800069116
[06:16] arschbert (Orianna) purchased 500,810,0.789401629524334
[06:[6] [All] Rucho (Kled): Ye,810,0.49372067999898495
[06.32] [All] Skinte BnCo (Thresh): ra Consumables,810,0.9291575496381657
[06.36] [Allj] Skinte BnCo (Thresh); nil,810,0.4407016489970742
[07.01] Shaco eats Ashe (Shaco) signa ,810,0.6552220001471459
[07.02] Starlight Poppy (Illaoi) has clail,810,0.9245143711539331
150G),810,0.6010675015502911
[07.08] Shaco eats Ashe (Shaco) purc,810,0.7968760929411638
125,810,0.9901197784803497
0.73,810,0.6538479627272927
[07.02] Starlight Poppy (Illaoi) has claifred Rutho (Kle,870,0.7609733112629845
[07.08] Shaco eats Ashe (Shaco) purchased Control,870,0.9784590815837149
"[07.25] [All] Rutho (Kled): i definitly report U , u r bla",870,0.5811148742284605
reason,870,0.9997925277900155
[07.38] Shaco eats Ashe (Shaco) on the way,870,0.8692799196379785
[07.38] Shiaco eats Ashe (Shaco) is on the way,870,0.604814087839549
[07.39] Shaco eats Ashe (Shaco) is on the way,870,0.7506656663166261
[07.08] aco ears Ashe (Shaco) purchased Corrol,900,0.7742453207380057
"[07.25] [All] Rutho (Kledi; definitly report U , ur bla",900,0.6326878432349979
[0738] Sharereats Ashe (Shiazo) is On the ay,900,0.28331481175607875
"[07.,38] Shaco eats Ashe (Shaco) is Ofi the wry",900,0.19125116849672272
[07 39] Shaco eats Asfie (Shaco) is On the Fayy,900,0.2767993751119415
[07.44] Shaco eats Ashe Clwf} (Sfiaco): clean af,900,0.2051300118193631
[07.08] Shaco eats Ashe (Shaco) purchased Control V,930,0.8532376092840922
"[07.25] [All] Rutho (Kled): i definitly report U , ur bla",930,0.5503129373935319
[07.38] Shaco eats Ashe (Shaco) is on the way,930,0.8498506588889649
[07.44] Shaco eats Ashe Clown (Shaco): clean af,930,0.8570631409793453
[08.06] Shaco eats Ashe (Shaco) signals to be careful,930,0.7833752796420358
[08:| 3] Starlight Poppy (Illaoi): R . 39s,960,0.8214520954917367
[08:18] arschbert PiIS (Orianna): think barrier is UF,960,0.552433452789021
[08.20] Shaco eats Ashe (Shaco) is on the way,960,0.8216748875129486
[08.24] Shaco eats Ashe (Shaco) signals that enemies,960,0.7750931058641984
[08: | 3] Starlight Poppy (Illaoi): R - 39s,990,0.8207851579072843
[08:18] arschbert PiS (Orianna): think barrier is UF,990,0.7508010597024934
[08.28] arschbert PuIS (Orianna): he has 5 % bonus,990,0.5546924625470095
[08.3 I] Skinte (Thresh) purchased Sightstone,990,0.7209693403979893
0.95,990,0.569295996260228
[07.44] Shaco eats Ashe Clewn (Shaco): clean af,1020,0.5351511501335664
[08:|3] Scarlight Poppy (Illaoi): R - 39s,1020,0.6984829757565674
[08: |8] arschbert PiiIS (Orianna): think barrier is UF,1020,0.7157829949662917
[08.20j Shaco eats Ashe (Shaco) is on the way,1020,0.6495662010242674
[08.28] arschbert Pibls Orianna): he has 5 % bonus,1020,0.5169002069570743
[08.31] Skinze (Thresh) purchased Sightstone,1020,0.46705937936246644
13C,1020,0.5940609265901627
47,1020,0.9945456477791722
0.93,1020,0.5011670641819714
[08:| 3] Starlight Poppy (Illaoi): R - 39s,1050,0.8821554819709134
[08:18] arschbert PIiS (Orianna): think barrier is UF,1050,0.6834203869696405
[08.28] arschbert PIS (Orianna): he has 5 % bonus,1050,0.7345230143577027
[08.55] Shaco eats Ashe (Shaco) is on the way,1050,0.9656060309995127
[09.03] Shaco eats Ashe (Shaco): Elise Alive,1050,0.9088357786834419
0.83,1050,0.4870089803970396
130,1080,0.7299670487890001
[08.28] arschbert PHS (Orianna): he has 5 % bonus,1110,0.7774939830369704
[08.3 1] Skinte (Thresh) purchased Sightstone,1110,0.6237458734086885
[09.26] Skinte (Thresh): Xayah Heal,1110,0.8064409643678738
[09.31] Shaco eats Ashe (Shaco) is on the way,1110,0.8405823269605324
[08.3!] Skinte (Thresh) purchased Sightstone,1140,0.6682807976628985
[09.47] Shaco eats Ashe (Shaco) is on the way,1140,0.8247206539194917
12C,1170,0.5113852225094768
[09.55] arschbert (Orianna): Elise Flash,1200,0.7281932584441259
[09.56] arschbert (Orianna): Elise Flash,1200,0.9007913315100075
[T0:12] Shaco eats Ashe Clown (Shaco): okay,1200,0.5946776769659405
[I0:16] Shaco eats Ashe Clown (Shaco): i got baited,1200,0.5743347208827336
[I0.20] arschbert PulS (Oriarra): that was actually,1200,0.49407743030099827
[I0.22] arschbert PIjJS (Orjara): ye,1200,0.3007205012304262
yes,1200,0.9135244434084213
[IO:16] Shaco eats Ashe Clown (Shaco): got baited,1230,0.7154936996991694
[I0.20] arschbert PiIS (Orianna): that was actually,1230,0.6158629601721967
[10.22] arschbert PHIS (Orianna): ye,1230,0.32767720714711
[I0.26] arschbert PHS (Orianna): tbh,1230,0.6235837202823907
[I0.29] Shaco eats Ashe Clown (Shaco): yes cause tl,1230,0.7077781892359987
went rtop,1230,0.8989629170416514
[I0.30] Shaco eats Ashe Clown (Shaco): top,1230,0.7139715892628208
[I0.30] arschbert PHS (Orianna): would fell for tha,1230,0.7471857252634944
just sad cause even,1230,0.9751419574856818
0.92,1230,0.48960045683501996
[I0.22] arschbert PAS (Orianna): ye,1290,0.3653639448628065
[I0.26] arschbert PHlS (Orianna): tbh,1290,0.4159218096053207
[10.29] Shaco eats Ashe Clown (Shaco): yes cause tr,1290,0.37635725244641616
[I0.30] Shaco eats Ashe Clown (Shaco): tOP,1290,0.673205506250536
[10.30] arschbert PJS (Orianna): i would fell for tha,1290,0.49443314686975803
[I0:4I] Stiaco eats Ahe Cl2wJ (Shaco): just sad caus,1290,0.32197508192021085
[I:08] Shaco eats Asfe (Shaco) is on the way,1290,0.8028724526823248
[I0.30] arschbert PIIS (Oriarina): would fell for tha,1320,0.6805639206192278
[I0.41] Shaco eats Ashe Clown (Shaco): just sad caus,1320,0.492538249582605
[I:08] Shaco eats Ashe (Shaco) is on the way,1320,0.7503107441842944
[I: 0] arschbert (Oriarria) is on the way,1320,0.4062683079696461
[V:IO] Shaco eats Ashe (Shco) is on the say,1320,0.36953969918367857
[I:l6] Starlighe Popp] (Illaoi): how the fck this cham;,1320,0.5752862595928105
[I:9] KrowNNN (Draveru) signals that enemies are,1320,0.4669392653021881
[I.20] arschberc (Oriariria) is On the way,1320,0.3996443597028206
136,1320,0.4156401545168971
50,1320,0.998763888231434
'[I:10] arschbert (Orianna) is on the way,1350,0.4698476458428514
[I:l0] Shaco eats Ashe (Shaco) is on the way,1350,0.7221874733519389
[H:l6] Starlight Poppy (Illaoi): how the fck this champ,1350,0.6925510472727767
[I:19] KrowNNN (Draven) signals that enemies are,1350,0.7287864017556136
[I.20] arschbert (Orianna) is on the way,1350,0.7630629574626783
[1.25] Shaco eats Ashe (Shaco) signals that enemies,1350,0.7881178614196074
[I.26] Shaco eats Ashe (Shaco) has slain Char34 (Ka,1350,0.6175680245171961
"[I:33] Starlight Poppy (Illaoi): loses his passive, does",1350,0.6946476384020203
126,1350,0.28812036791416373
1.03,1350,0.654006480624109
[I:[9] KrowNNN (Draven) signals that enemies are,1380,0.6482380647846196
[I.25] Shaco eals Ashe (Shaco) signals that enemies,1380,0.7428582536647421
[I:33] Starlight Poppy (Illaoi): loses his passive; does,1380,0.6503108321209261
[I:40] KrowNNN (Draven): dont worry,1380,0.8612230434201736
[H:43] KrowNNN (Draven): just report him for raci,1380,0.8943446049494276
[I:48] Starlight Poppy (Illaoi) has targeted Rutho,1380,0.7200962848350589
138,1380,0.9818344962303175
"[1.33] Starlight Poppy (Illaoi): loses his passive, does",1410,0.840946053210275
[I:48] Starlight Poppy (Illaoi) has targeted Rucho,1410,0.7956180625875785
[I.56] Shaco eats Ashe Clown (Shaco): xD,1410,0.684086392892472
[I:59] Starlight Poppy (Illaoi): what did he say racist,1410,0.7944555389676292
[I.59] Skinte BnCo (Thresh): he will flame his entire,1410,0.7877286591049204
[I2.00] Rutho (Kled) has destroyed the first turret!,1410,0.6970375570761488
142,1440,0.7655974626541138
54,1440,0.9999998314126101
0.9,1440,0.9990590214729309
[I:48] Starlighc Poppy (Illaoi) has targeted Rutho,1470,0.8262877125944694
[I56] Shaco eats Ashe Clown (Shaco): XD,1470,0.41831250152704164
[I59] Scarlight Poppy (Illaoi): what did he say racisc,1470,0.7569259845600813
[I.59] Skirite BrCo (Thresh): he will flame his entire,1470,0.6650321123793015
[I2.00j Rutho (Kled) has destroyed the first turretl,1470,0.48939467668805176
[12:1I] KrowNNN (Draven): think hes from germaz,1470,0.46918846710863693
[I2.34] Shaco eats Ashe (Shaco) has claimed Brad PJ,1470,0.620902773097013
(Tearn Gold: I50G),1470,0.7329347538223625
131,1470,0.9997624869255707
[12.00] Rutho (Kled) has destroyed the first turret!,1500,0.8718324347425862
[12:H] KrowNNN (Draven): think hes from germar,1500,0.873974329586966
[12.34] Shaco eats Ashe (Shaco) has claimed Brad Plc,1500,0.8013439319368267
(Team Gold: I50G),1500,0.716141380981542
[12.41] Shaco eats Ashe (Shaco) is on the way,1500,0.7614031548998217
[12.49] arschbert PIS (Orianna): dont need ty,1500,0.7120084955521482
[12.5] arschbert PHlS (Orianna): ill take ours,1500,0.5496171307902569
[12.53] arschbert PIIS (Orianna): later,1500,0.5881548809437005
1.0,1500,0.9922860264778137
[12.49] arschbert PIIS (Oriarira): dont need ty,1530,0.38556055363339253
[12.51] arschbert PHlS (Oriariraa): ill take ours,1530,0.2612901121587512
[12.53] arschbert PHlS; (Orjarmja): later,1530,0.3649541217199757
[12.56] Shaco eats Ashe (Shaco) signals to be careful,1530,0.6637928282455942
[13.04] Rutho (Kled) is orJ killing 'spreel KrowN,1530,0.7017001612772256
[13.06] Starlight Poppy (Illaoi): he oneshots me,1530,0.8289275760535508
[13.07] Shaco eats Ashe (Shaco) is On the way,1530,0.46081319415549044
[13.07] Starlight Poppy (Illaoi): wle,1530,0.7705883469220834
144,1530,0.927021324634552
[13.OT] Shaco eatz Ashe (Sfiaco) is Ofl the wray,1560,0.2112388601057993
[13.OT] Scarlight Popp] (Jllaoi): wle,1560,0.6326616847230735
[1B:|0] Shaco eats Ashe (Shaco) has targeted Char3 },1560,0.30355716389526505
[13:|3] arschbert PliJS (Oriarii): get ninja tabi,1560,0.23167615842555603
[13:16] Scarlighc Poppy (Illaoi): 241 Gold,1560,0.616104833056009
[13.18] Stiaco eats AShje (Shiaco) signals that erernies,1560,0.22062881247320967
[13:18] arschbert PJS (Oriarira): think will help muc,1560,0.5708162142630085
[13.20] arschbert P S (Oriaria): hmmheco eil Ashe,1560,0.1374393587467052
[13:13] arschbert PuS (Orianna): get ninja tabi,1590,0.5173883982346228
[13:16] Starlight Poppy (Illaoi): 241 Gold,1590,0.7848919004359294
[13:18] Shaco eats Ashe (Shaco) signals that enemies,1590,0.6850645395331856
[13.18] arschbert PHS (Orianna): think will help muc,1590,0.8113159946644517
[13.20] arschbert PulS (Orianna): hmm,1590,0.4531150097473528
[13.28] arschbert PiIS (Orianna): rip money,1590,0.40793482439576306
[13.35] arschbert PIS (Orianna): try freeze the lane,1590,0.6118896351081416
[13.38] arschbert PIIS (Orianna): so he roams ,1590,0.6281749154365757
[13.20] arschbert PIS (Orianna): hmm,1620,0.578432161548441
[13.28] arschbert PuS (Orianna): rip money,1620,0.5758888169259249
[13.35] arschbert PiIS (Orianna): try freeze the lane,1620,0.3626296293475578
[13.38] arschbert PHS (Orianna): so he roams,1620,0.7480329089967849
[13.43] arschbert PIIS (Orianna): ill try play safe,1620,0.5302390078587756
[13.52] arschbert (Orianna) signals that enemies are,1620,0.8737901152420239
[13.52] Shaco eats Ashe (Shaco): Duskblade of Draktl,1620,0.6193496522794125
[13.54] arschbert (Orianna) signals that enemies are,1620,0.9088924491525991
145,1620,0.337921825325349
57,1620,0.999991992108174
149,1650,0.4252732067119123
1.05,1650,0.33430115363684454
[13.52] Shaco eats Ashe (Shaco): Duskblade of DraktL,1680,0.8616193623852825
[13.59] Rutho (Kled) has captured Rift Herald!,1680,0.621477326036878
[14:16] Shaco eats Ashe (Shaco) signals that enemies,1680,0.7531997662428865
[14:17] arschbert (Orianna): 100% towards Level ! [,1680,0.34309538898083064
[14.18] Shaco eats Ashe (Shaco): Warding Toter (Tr,1680,0.6800559634095498
[14.22] Shaco eats Ashe (Shaco) is on the way,1680,0.856725761680486
[14.24] Shaco eats Ashe (Shaco): 33% towards Level,1680,0.7398466702592454
[14.16] Shaco eats Ashe (Shaco) signals that enemies,1710,0.7795277717808948
[14:17] arschbert (Orianna): [00% towards Level [ /,1710,0.7038052434909979
[14.18] Shaco eats Ashe (Shaco): Warding Totem (Tr,1710,0.6387354458229878
[14.22] Shaco eats Ashe (Shaco) is on the wa,1710,0.6339844229723778
[14.35] Starlight Poppy (Illaoi) is asking for assistance,1710,0.8223962888941474
[14.36] Shaco eats Ashe (Shaco) signals that enemies,1710,0.7969915268044641
[14.37] Sliaco eats Ashe Clown (Shaco): xd,1710,0.5047389856210742
135,1710,0.9991057348412764
[14.36] Shaco eats Ashe (Shaco) sigrals chat ereries,1770,0.4550304513289108
[14.37] Shaco eats Ashe Ciori (Shiaco): xd,1770,0.3531164804781603
[14.40] Shiaco eats Ashe (Shago): R Ready,1770,0.718161365186043
[14.40] Shaco eats Ashie (Shaco): Is,1770,0.7024853661646855
[14.41] Skirite (Thresh) sigrals to be careful,1770,0.6119375080213029
[15.02] Shaco eats Ashe (Shico) signals to be careful,1770,0.49244250726262023
[15.03] Shaco eats Ashe (Shaco) signals to be careful,1770,0.5621960844404075
[15.08] Starlighe  Poppy (Illlaoi): draven,1770,0.6977319247977252
[15.08] Starlight  Poppy (Illaoi): draven,1800,0.7228260613831304
[15.10] Starlight  Poppy (Illaoi): can you go top,1800,0.7465885465213424
[15:13] Starlight Poppy IIllaoi): and me bot,1800,0.5499757728805267
[15.19] Nerhi (Elise) Kias claimed arschbert (Orianna),1800,0.4614494700164084
[15.20] Shaco eats Ashe (Shaco): 30/[ Gold,1800,0.633921122748348
[15.21] arschbert PIIS (Orianna): k,1800,0.48586598733383307
we,1800,0.9808278982533175
[15.2/] arschbert P J5 (Orianna): k,1830,0.5601436801673585
[15.25] Rutho (Kied} tnu crushed the Eye alahe Herz,1830,0.2826974111536174
[15.25] Shaco eats Ayhe Clown (Shaco) we lose 2 t0,1830,0.5364920324943732
[15.30] Shaco eats Ashe (Shaco) is on the way,1830,0.8092017676301169
[15.37] Shaco eats Ashe (Shaco) is asking for assistanc,1830,0.5959033981764567
[15.38] Shaco eats Ashe (Shaco) is asking for assistanc,1830,0.747018007707162
[15.38] Shaco eats Ashie (Shaco) is asking for assistanc,1830,0.6139443834313513
[1539] Shaco atz Ashe (Shaco) is asking for assistanc,1830,0.6789173408917215
204,1830,0.9999613201605616
[15.2/] arschbert PIS (Orianna): k,1860,0.5948270493390055
[15.25] Rutho (Kled) has crushed the Eye of the Fler:,1860,0.4195956064042725
[15.25] Shaco eats Ashe Clown (Shaco): we lose 2 to,1860,0.5904722811068618
[15.38] Shaco eats Ashie (Ghaco) is asking for assistanc,1860,0.6902133975342682
[15.39] Shaco eats Ashe (Shaco) is asking for assistan,1860,0.888336391660493
[15.39] Shaco eats Ashe (Shaco) is asking for assistanc,1890,0.9367739802016847
[15.55] Shaco eats Ashe (Shaco) is asking for assistan,1890,0.7514666905927049
[16.05] The enemy team has slain the Mountain Drak,1890,0.8693225136830905
HO,1890,0.3836350663977638
190,1890,0.8547080047267736
[15.55] Shaco eats Ashe (Shaco) is asking for assistanc,1920,0.8498969171377014
[16.09] Shaco eats Ashe Clown (Shaco): HOW,1920,0.9264013334924169
[I6:/ I] Nerha (Elise) has shutdown Shaco eats Ashe,1920,0.5151309063245582
bounty! (Team Gold: 300G),1920,0.9185028877081325
omg thl,1920,0.8884174614627441
[I6:1 I] Nerha (Elise) has shutdown Shaco eats Ashe,1950,0.6103579785520717
[16.26] Shaco eats Ashe Clown (Shaco): omg i thougt,1950,0.6687537044386377
[16.29] Shaco eats Ashe Clown (Shaco): so no shutdc,1950,0.7779073795859349
[16.36] Skinte (Thresh) purchased Control Ward,1950,0.7356497327725215
[16.39] [All] Rutho (Kled):,1950,0.8943935942307888
[16.40] arschbert (Orianna) signals to be careful,1980,0.6174097872454546
[16.42] KrowNNN (Draven) has targeted the Outer,1980,0.6069244715793369
[16.43] KrowNNN (Draven) has targeted the Outer,1980,0.6671904502962835
[16.43] KrowNNN (Draven) has targeted the Quter,1980,0.7444221500673484
[16.44] KrowNNN (Draven) has targeted the Outer,1980,0.9757246334158292
205,1980,0.9416929636430671
[I7:00] arschbert (Orianna) signals to be careful,2010,0.7547042871183945
[I7.0/] arschbert (Orianna) signals to be careful,2010,0.6882328690651878
[I7:09] Rutho (Kled) is onj rarrpagel,2010,0.5453129562013861
61,2010,0.9999991570631338
[16.43] KrowNNN (Draver) hjas tarzeted the Outer,2040,0.4947879177368207
[16.44] KrowNNN (Draveri) has tarzetad the Outer,2040,0.5215420114943419
[16.44] KrowNNN (Draveri) has targeted the Outer,2040,0.4786677691269162
[I7.00] arschbert (Oriariria) signals tO be careful,2040,0.60296602306083
[I7.0/] arschbert (Orjanria) signals to be careful,2040,0.6005190424223641
[I7:09] Rutho (Kled) is orj rarripagel,2040,0.3388876694028783
[17.18] arschbert PuIS (Oriariria): Stop fighting please,2040,0.44050335331821916
[17.24] Starlight  Poppy (Illaoi): no,2040,0.8368672316697777
20,2040,0.997738391252638
[I7.00] arschbert (Orianna) signals to be careful,2070,0.9573664082278704
[1709] Rutho (Kled) is on rampagel,2070,0.8500377445951428
[17:48] arschbert PHIS (Orianna): stop fighting please,2070,0.3555209241036931
[I7.24] Starlight PePpy (Illaoi): no,2070,0.3967818295573425
[17.27] arschbert PiS (Orianna): he can Iv [ U AND,2070,0.5881046597674265
[17.30] [To] Starlight Poppy: xd,2070,0.8041554185709314
[17;33] Shaco eats Ashe (Shaco) is on the way,2070,0.7197729348007864
20c,2070,0.22182900934858565
[I7:30] [To] Starlight Poppy: xd,2100,0.7516839276219653
[17:33] Shaco eats Ashe (Shaco) is on the way,2100,0.5065130440908945
[17:42] Starlight Poppy (Illaoi): he had 400 hp and ha,2100,0.8872655390630152
[17:45] Starlight Poppy (Illaoi): still won Ivl,2100,0.8019892946407682
[17.48] arschbert PIS (Orianna): ye,2100,0.41662037471243274
[17.48] Draven has [50 stacks of Adoration!,2100,0.7406890197602559
[17:49] arschbert PuS (Orianna): kled,2100,0.46700990867302217
[I7.51] [To] Starlight Poppy: yes so better stop,2100,0.8017523334443003
[17.48] arschbert PuIS (Orianna): ye,2130,0.5006172051153976
[17:48] Draven has [50 stacks of Adoration!,2130,0.6483456500700304
[I7:49] arschbert PIS (Orianna): kled,2130,0.5513963550461264
[I7:5I] [To] Starlight Poppy: yes so better stop,2130,0.7797648586251856
[17.57] Starlight Poppy: nah,2130,0.8912245908924795
[18.05] KrowNNN (Draven): you need one kill illaoi,2130,0.8260595002961779
[18.06] [To] Starlight Poppy: if you keep dying to him,2130,0.8376767633681022
[I8.08] KrowNNN (Draven): and all fine,2130,0.7988864251874964
[18.08] KrowNNN (Draven): and all fine,2160,0.8556815462254941
[18:|3] Shaco eats Ashe (Shaco) is on the way,2160,0.747842828599985
[18.17] Nerha (Elise) is on rampagel,2160,0.8125888466429594
[18.21] KrowNNN (Draven): you even fucked the d,2160,0.8015458482585142
[18.22] KrowNNN (Draven): fdp,2160,0.8370233014041896
20C,2160,0.26346025094597764
[18.17] Nerha (Elise) is on a rampagel,2220,0.6599931831226078
[18.21] KrowNNN (Draven): you even fucked the de,2220,0.650263922807439
[18.29] Starlight Poppy (Illaoi): parle mieux,2220,0.7758670804724407
[18.47] Skinte BnCo (Thresh): arrete ton racisme stp,2220,0.8487348395641761
[18.49] Shaco eats Ashe (Shaco) has targeted Nerha,2220,0.7149097860005279
[18.49] arschbert (Orianna) is on the way,2220,0.8612376219886504
[18.53] arschbert (Orianna) is on the way,2220,0.8909079672663819
[19.02] Nerha (Elise): Frost Queen's Clainri,2250,0.35411143856435845
[19.02] Nerha (Elise): Frost Queen's Claim,2250,0.7115667686114041
[19.03] Nerha (Elise): Frost Queen's Claim,2250,0.8831843223928753
[19.08] Shaco eats Ashe (Shaco) is on the way,2250,0.9416302968166324
[19.08] Shaco eats Ashe (Shaco) has targeted Inting B,2250,0.8978820227180931
[19.03] Nerfa (Elise): Frost Queen's Claim,2280,0.5861634375210572
[19:[0] Starlight Poppy (Illaoi): ha ok vous etiez des n,2280,0.7144960726831485
[19:16] Starlight Poppy (Illaoi): par rapport au malphit,2280,0.8038075812374461
[19:17] KrowNNN (Draven) just cashed in 345 extra,2280,0.719243433161771
of Draaaaaven!,2280,0.8386828183302796
[19.20] Rutho (Kled) is unstoppablel,2280,0.7897523630239376
214,2280,0.9999935304043551
64,2280,0.9999997471189183
[19.17] KrowNNN (Draven) just cashed in 345 extra,2310,0.709764535096952
[19.26] Shaco eats Ashe (Shaco) is on the way,2310,0.8219009860144812
[19.27] arschbert (Orianna) is on the way,2310,0.6390811646183889
[19.29] [All] Rutho (Kled): im not a rasist,2310,0.626836021881606
[19.29] Shaco eats AskeTSHaEo}  is on the way,2310,0.5966230602835921
[19.36] Shaco eatg' signals that enemies,2310,0.7017207525000989
1.0E,2310,0.30572858452796936
198,2340,0.9765708348749935
49,2340,0.47456725103847647
[19.29] [All] Rucho (Kled): im not a rasist,2370,0.44026897911217955
[19.29] Shaco eats Ashe (Shaco) is on the way,2370,0.8603366431827204
[19.36] Shaco eats Ashe (Shaco) signals that enemies,2370,0.9141190223426382
[19.40] Shaco eats Ashe (Shaco) is on the way,2370,0.8127607522863977
[19.41] Nerha (Elise) is unstoppablel,2370,0.7850216456418042
[20.08] Skinte (Thresh) purchased Eye of the Equinox,2370,0.7219830715517561
[20.08] Skinte (Thresh) purchased Control Ward,2370,0.7576345013913647
game fell ap,2370,0.7848062511029582
[19.29] Shiaco eats Ashe (Shaco) is on the way,2400,0.39275283023956237
19.36] Shaco eats Ashe (Shaco) signals that enemies,2400,0.758062302634606
[19.40j Shaco eats Ashe (Shaco) is onJ the way,2400,0.7156132985229853
[1941] Nerta (Elise) is uristoppablel,2400,0.3101410463706959
[20.08] Skinte (Thresh) purchased Eye of the Equiriox,2400,0.6430892727756519
[20:I0] Shaco eats Ashe Clewn (Shaco): game fell apa,2400,0.5616602783208234
[20:19] KrowNNN (Draven): orly,2400,0.41408247686300964
215,2400,0.9812002732611975
1.1,2400,0.7750267417451959
[20:[0] Shaco eats Ashe Clewn (Shaco): game fell apa,2430,0.6350683522300934
[20.26] KrowNNN (Draven): you are useless and illac,2430,0.741490926619441
[20.27] Shaco eats Ashe Clown (Shaco): yes at this m,2430,0.8277295455387133
[20.31] Shaco eats Ashe Clown (Shaco): can onesho,2430,0.776709421366944
[20.33] Shaco eats Ashe (Shaco) is on the way,2430,0.7546153220275422
[20.31] Shaco eats Aste Clowfi (Shjaco): i can onesho,2460,0.4292857837757487
[20.33] Shaco eats Ashie (Shaco) is onJ the way,2460,0.4047877590853135
[20.42] Shiaco eats Ashe (Sfico) signals that erernies,2460,0.28539277022024184
[20.43] KrowNNN (Draver) Ijas sHuccov  lerha (E,2460,0.27686478997240715
boury! (Tearri Gold: 450G),2460,0.4509105136224992
[20.44] Shaco eats Ashe Clwfi (Shjaco): gj,2460,0.516726524682335
[20.45] Skirite (Thresh): Elize Flash,2460,0.5173668654293417
[20.4T] arsctbbert PTJS (Orjarira): Imao,2460,0.2647945504064693
19C,2460,0.7025710765045688
1.1-,2460,0.321573595018496
E 4  U Unnan 3 L,2490,0.024724526148973174
[20.43] KrowNNN (Draven) has shutdown Nerha (EF,2490,0.8542441771882701
bounty' (Team Gold: 450G),2490,0.7301593758379089
[20.44] Shaco eats Ashe Clown (Shaco): gi,2490,0.7630068481545426
[20.45] Skinte (Thresh): Elise Flash,2490,0.9810415034708123
[20.47] arschbert PIIS (Orianna): Imao,2490,0.5906260181774683
[20.54] arschbert (Orianna) is on the way,2490,0.9964039775814683
[21.02] Skinte BnCo (Thresh): go for elise not xayay,2490,0.6501767610157717
[21.04] Brad PIica (Vel'Koz) is on klling 'spreel,2490,0.4818036537987546
[21.07] [All] Nerha (Elise): wow,2490,0.5663228800507131
A,2490,0.04673752780665641
221,2490,0.9993549951451655
68,2490,0.9999979769518709
203,2520,0.5619457511533529
[21.02] Skinte BnCo (Thresh) go for elise not xayay,2550,0.5174320324530932
[21.04] Brad PItta (Vel'Koz)is on killing 'spreel,2550,0.7666607353501728
[21.09] [All] Char34 MVPez (Karirja): gl on esports,2550,0.39357201946011894
[21.25] arschbert (Orianna) has shutdown Brad P]tra,2550,0.5249496570374058
bountyl (Team Gold: 300G),2550,0.5470272511416565
[21.39] [All] Shaco eats Ashe Clown (Shaco): OMG,2550,0.6946041245870912
Iall |,2550,0.8667865485547469
66,2550,0.9999951109690732
[21.09] [All] Char34 MVPez (Karra): 500,2580,0.7480750289887185
[21.25] arschbert (Orianna) haz shutd,2580,0.5012934359985699
bourty! (Team Gold: 300G) Consumables,2580,0.8198822700539015
[21.39] [AllJ] Shaco eats Ashe Clown,2580,0.5462239135589806
[2I:40] [Allj Shaco eats Ashe Clown,2580,0.6252663099098342
[21.40] Rutho (Kled) is domrinating!,2580,0.3916678165004861
[2I:40] [Allj] Shaco eats Ashe Clown,2580,0.5648062400467099
[21:49] [Allj Shaco eats Ashe Clown,2580,0.5279921017207867
245,2610,0.9972486570317701
[21:40] [All] Shaco eats Ashe Clown (Shaco): WHY,2640,0.5596276847525055
[21:40] Rutho (Kled) is dominating',2640,0.6134413501446478
[21:40] [All] Shaco eats Ashe Clown (Shaco): AGAIN,2640,0.5479060590828997
[21.49] [All] Shaco eats Ashe Clown (Shaco): u all sur,2640,0.5208386708117547
[22.18] KrowNNN (Draven) has shutdown Nerha (EF,2640,0.46657676702866396
[22.22] Shaco eats Ashe (Shaco) is on the way,2640,0.9306163063867219
263,2640,0.9493031802942766
[2I.40] [All] Shaco eats Ashe Clown (Shaco): WHY,2670,0.369955628857212
[21:40] Rutho (Kled) is dominatingl,2670,0.5489979383269702
[2I.40] [All] Shaco eats Ashe Clovr (Shiaco): AGAIN,2670,0.3542814620484606
[21.49] [All] Shaco eats Ashe Clow/r (Sfiaco): u all sur,2670,0.30773276081538103
[22:18] KrowNNN (Draven) has shuiclown Nerha (El,2670,0.5791916559368337
bounty' (Team Gold: 300G),2670,0.6375662447458513
[22.22] Shaco eats Ashe (Shaco) is on the way ,2670,0.7792968566900635
[22.35] KrowNNN (Draven): aller zinedine,2670,0.9522986974774371
[21.40] [All] Shaco eats Ashe Clown (Shaco): AGAIN,2700,0.8693201617472658
[22.18] KrowNNN (Draven) has shutdown Nerha (E,2700,0.5487653702526725
[22.43] Shaco eats Ashe (Shaco) has targeted the Blas,2700,0.7269616476094953
[22.43] Starlight Poppy (Illaoi) has targeted the Blast,2700,0.9301387622827656
bourtyl (Tearn Gold: 300G),2730,0.4780839028054722
[22.22] Staco eats Ashje (Shaco) is Ofl the wray,2730,0.26000690206925564
[22.35] KrovNNN (Draver): aller zinedine,2730,0.509144024962914
[22.43] Staco eats Ahe (Sfaco) has targered the Bla,2730,0.4092687689901443
[22.43] Starligtit Popp] (Illaoi) has targeced the Blast,2730,0.7058522276540146
[22.59] Skirite (Thresh) sigrjals everyorle to back awa;,2730,0.334586962533864
[23.05] Shaco eats Asfie (Sfaco) has shutdow Rucho,2730,0.35975902162146345
bouricy! (Tearri Gold: 450G),2730,0.2599486284723003
270,2730,0.6274009574141688
72,2730,0.6426948101685176
1.2,2730,0.5889838617866744
~bounty! (Tearf Gold: 300G),2760,0.3517144772938931
[22.22] Shaco eats Ashe (Shaco) is onl the way,2760,0.498876351628373
[22.35] KrowNNN (Draver): aller zinedine,2760,0.6885246008869808
[22.43] Shaco eats Ashe (Shaco) Has targeted the Bla,2760,0.47458549862611554
[22.43] Starlighit Poppy (Illaoi) has targeced the Blast,2760,0.7859124511040884
[22.59] Skirite (Thresh) sigrals everyore to back awa} _,2760,0.3431824732211958
[23.05] Shaco eats Ashe (Shaco) IJas shutdovr Rucho~,2760,0.23161719647948217
bouricy! (Tearf Gold: 4506),2760,0.5396539275926486
27C,2760,0.8256602137058242
[22.43] Slaco eats Ashe (Shlaco) fas targeted the Blaz,2790,0.2874634747933512
[22.43] Starlight: Poppy (Illaoi) has targeced the Blast,2790,0.7293755997626885
[22.59] Skinte (Threshi) Sigrjals everyore to back away,2790,0.5103326406040315
[23.05] Shaco eats Ashe (Shaco) IJas shutdovr Rucho-,2790,0.23772348582127517
bounty! (Teari Gol: 450G),2790,0.6363250853062288
[23.30] KrowNNN (Draveri) is onj the way,2790,0.2810655971513301
[23.31] Skirite (Threshi) is OrJ the way,2790,0.3739486552305181
[23.3/] arschbert (Oriariria) is On the way,2790,0.39234878934883405
[23.30] KrowNNN (Draven) is on the way,2850,0.9786613477619133
[23.3/] Skinte (Thresh) is on the way,2850,0.6205728242826996
[23.31] arschbert (Orianna) is on the way,2850,0.852005404586758
[23.55] Char34 (Karma) has claimed KrowNNN (Dra,2850,0.9539538245303913
[23.55] arschbert (Orianna): E - Os,2850,0.7091194556061974
[24.07] Skinte (Thresh) purchased Oracle Alteration,2850,0.8043496511948691
"[23.30] KrowNNN (Draven) is on the way,",2880,0.7348186973699206
1S50G),2880,0.5033915758745768
[24:1I] Skinte (Thresh) purchased Control Ward,2880,0.4269349416131355
[24.27] Skinte (Thresh) is asking for assistance,2910,0.6081479505721751
[24.28] Starlight Poppy (Illaoi) sigrals to be careful,2910,0.7971055863454012
[24.28] Shaco eats Ashe (Shaco) fis slir) tihe Ocear],2910,0.17633246448979098
[24.29] arschbert (Orianna) is on] the ay,2910,0.6928480937379424
[24.31] Starlight Poppy (Illaoi) is on the way,2910,0.9132832053493144
[24.33] arschbert (Orianna): Flash  195,2910,0.9299934387485429
[24.39] arschbert (Orianna) is on the way,2910,0.804571231282103
[24.29] arschbert (Orianna) is on the way,2940,0.6099538981410376
[24.33] arschbert (Orianna): Flash 19s,2940,0.7326538756364327
[24.43] Shaco eats Ashe (Shaco) signals to be careful,2940,0.8533456066142614
[24.51] Shaco eats Ashe (Shaco): Infinity Edge Need,2940,0.8968766346917714
[24.53] Shaco eats Ashe (Shaco) signals to be careful,2940,0.9629668303563235
275,2940,0.9765016104845236
76,2940,0.9999990727694587
[24.31] Scarlighc Poppy (Illaoi) is on the way,2970,0.6314741379965928
[24.31] Starligfit  Poppy (Jllaoi) is on the wnay,2970,0.6222432578962573
[24.33] arschbert (Oriariria): Flash 19s,2970,0.7107677546641634
[24.39] arschbert (Orjariria) is or} the way,2970,0.3165944745444152
[24.43] Shaco eats Ashe (Shaco) sigrals to be careful,2970,0.8109625656495055
[24.51] Shaco eats Ashe (Shaco): nfiriicy Edge Need,2970,0.9045920305143077
[25.02] Shaco eats Ashe (Shaco) signals to be careful,2970,0.7767770684350513
1.32,2970,0.40575159330075533
500,3000,0.9547802649031503
Consumables,3000,0.996682867836447
[24.33] arschberc (Oriariria): Flash 19s,3030,0.7555808994664193
[24.39] arschberc (Oriariria) is Orl the wray,3030,0.4805412452404855
[24.43] Shiaco eats Asfe (Shaco) sigrlals to be careful,3030,0.4316411195107331
[24.51] Sfiaco eats Asfiz (Sfiaco): Infinity Edge Need,3030,0.5686759775723533
[24.53] Shiaco eats Ashie (Shaco) sigrlals t0 be careful,3030,0.3884368307181532
[25.02] Shaco eats Ashie (Shaco) Sigrlals t0 be careful,3030,0.2902896534507482
[225.12] Shaco eats Astie (Shaco): Infiricy Edga Need,3030,0.6966950735180297
[25.39] arschbert (Oriarifia) erlery has vision here,3030,0.4610636768648275
305,3030,0.9401860497273701
[25.02] Shaco eats Ashe (Shaco) sigrals to be careful,3090,0.8987041301654317
[25.12] Shaco eats Ashe (Shaco): Iniinicy Edge Need,3090,0.8243046923510592
[25.39] arschbert (Oriariria) erery has vision here,3090,0.5153394281272382
[25.40] arschbert (Orjarrja) enerry has vision here,3090,0.665805887997436
[25.55] Starligfit Popp] (Illaoi) is or the way,3090,0.6942241039383823
[26.03] Starlighic Poppl (Illaoi) is asking for assistance,3090,0.6433352248742544
[26.06] Shaco eats Ashe (Shaco) is on the way,3090,0.7946898996188928
[26.08] arschbert (Oriara): Mana [7%,3090,0.717187828168457
cal,3090,0.975564092973567
[25.39] arschbert (Orianna) enemy has vision here,3120,0.8423620571593481
[25.40] arschbert (Orianna) enemy has vision here,3120,0.9908383924681896
[25.55] Starlight Poppy (Illaoi) is on the way,3120,0.9014980503632204
[26.03] Starlight Poppy (Illaoi) is asking for assistance,3120,0.9104393812671342
[26.08] arschbert (Orianna): Mana [7%,3120,0.9022251318771174
[26.09] Shaco eats Ashe Clown (Shaco): care,3120,0.8604994059011271
[26:17] Shaco eats Ashe (Shaco) is on the way,3120,0.7148122638360164
312,3120,0.6104670763015747
73,3150,0.9999981455391691
[26.08] arschbert (Orjarirja): Mana 17%,3180,0.44814174675115276
[26.09] Shaco eats Ashe Clewn (Shaco): care,3180,0.8480822987606778
[26:1 7] Shaco eats Ashe (Shaco) is orj the wray,3180,0.25243779323224136
[2641] Shaco eats Ashe (Shaco) has slir] Baror) ] ksf,3180,0.2377803427981568
[26.48] Char3 + (Karma;) has claimerd] Stiaco eats Ahe,3180,0.3830374167816061
Gold: IS0G),3180,0.7597602104921158
Krd265il] Shaco eats Ashe (Shaco) signals KrowNNN,3180,0.4639349783611594
[26.54] Shaco eats Ashe Clown (Shaco): survive,3180,0.8512437890386105
295,3180,0.9958103232616216
81,3180,1.0
Gold: I50G) 500,3210,0.7290425674117577
[26.51] Shaco eats Ashe (Shaco) signa ,3210,0.7209756199849703
[26.54] Shaco eats Ashe Clown (Shace Consumables,3210,0.7606066465128374
[26.54] Shaco eats Ashe Clown (Shace,3210,0.7638911987090429
[27.03] Shaco eats Ashe (Shaco) signa ,3210,0.6588018119350679
[27.04] Shaco eats Ashe Clown (Shac,3210,0.6909446351055213
[27.05] Shaco eats Ashe Clown (Shac ,3210,0.746112421094035
[27.04] Shaco eats Ashe Clown (Shaco);: omg,3240,0.5264273325891968
[27.05] Shaco eats Ashe Clown (Shaco): omg,3240,0.9560442054612526
[27:10] Skinte (Thresh) purchased Rigliteous Glory,3240,0.6256147128435628
[27:/ 1] Shaco eats Ashe (Shaco) signals that enemies,3240,0.4973403947686333
[27:1I] Shaco eats Ashe (Shaco) signals that enemies,3240,0.509326356809263
[27:12] Shaco eats Ashe (Shaco) signals that enemies,3240,0.8815580234475606
[27.20] [To] Starlight Popp: you said U dont tilt,3240,0.8633113415691315
[27.23] [To] Starlight Poppy: remember thatl,3240,0.9632546267671783
1.4,3240,0.783057448868822
[2Z:0] Skirice (Thresh) purchased Righteous Glor],3270,0.6287677468567227
[27:] I] Sfiaco eats Ashie (Shiaco) sigrals that erernies,3270,0.24741962016475963
[ZZA] Stlaco eats Asje (Shaco) sigrals that ereries,3270,0.3224412288279488
[27A12] Sfiaco eats Ashe (Sfico) sigrials that erernies,3270,0.2531894011188876
[27.20] [To] Scarlighc Popp]: YOU sajd U dort til,3270,0.6178762977031658
[27.23] [To] Scarligfic Poppy: rerrierrber chatl,3270,0.3795474992478196
[27.30] Starlight Poppy: Ktri flot tilted ac all,3270,0.3003868742868262
[27.333] [To] Starlight Poppj: XD,3270,0.3312049269137073
[27:11] Shaco eats Ashe (Shaco) signals that enemies,3300,0.6395432384068389
[27.20] [To] Starlight Poppy: You said U dont tilt,3300,0.8578696665840674
[27.23] [To] Starlight Poppy: remember that!,3300,0.7252761351934035
[27.30] Starlight Poppy: im not tilted at all,3300,0.8127384894863116
[27.33] [To] Starlight Poppy: XD,3300,0.8931674221273581
[27.43] Starlight Poppy: u are tho?,3300,0.91347994501632
[27.51] [To] Starlight Poppy: im not but im pretty sur,3300,0.7672357571540535
317,3300,0.9998038411140442
1.5,3300,0.973794211251727
[27.30] Starlight Poppt: TTi flot tilted at all,3330,0.45453953310988915
[27.33] [To] Scarlight Poppj: XD,3330,0.7237145743061437
[27.43] Starlight Poppr: Ware tho?,3330,0.629946656709369
[27.51] [To] Starlight Poppy: inf) IJOC buc itn pretty sur,3330,0.09631897218810616
[2757] KroiNNN (Draver) purchased Farsight Alter,3330,0.42674055960540974
[28.00] Starlight Poppt: - Yifierl til | pollute cfat,3330,0.4593767825418975
[28.07] [To] Starlight Poppy: You did,3330,0.4813675926527625
[28.08] Starlight PoPpy: imnot saying anything iT) ct,3330,0.414911627082764
Ir,3330,0.9522127599652686
[27.57] KrowNNN (Draven) purchased Farsight Alte,3360,0.6712865046295687
[28.00] Starlight Poppy: wher til pollute chat,3360,0.8489307013918795
[28.07] [To] Starlight Poppr: you did,3360,0.7681158922841976
[28.08] Starlight Poppr: YI) flot Sayirig arlychirg YrI) c},3360,0.549230948633624
[28.I0] [To] Scarligit Poppy: a Jil,3360,0.27504854113017324
[28.16] Starlighit Poppy:= a lil 5o jt wasfit til,3360,0.44767433149304575
[28.1T] Stiaco eats Ashie (Sflaco) is Ofl the way,3360,0.20480707772999432
2822] [To] Starlight PoPPf: rrihh,3360,0.35731975381131226
IRI,3360,0.9000085020913268
1.43,3360,0.46703801055645616
[28:[0] [To] Starlight Poppy: Iil,3390,0.7123764326902627
[28:|6] Starlight Poppy: a lil so it wasn't tilt,3390,0.8248096759197003
[28:17] Shaco eats Ashe (Shaco) is on the way,3390,0.7496905273570339
[28.22] [To] Starlight Poppy: mhh,3390,0.9863693432706718
[28.25] [To] Starlight Poppy: okay ;P,3390,0.8604964030251855
[28.32] Shaco eats Ashe (Shaco) is on the way,3390,0.8365139510886537
[28.33] arschbert (Orianna) is on the way,3390,0.7885652786661135
[28.35] arschbert (Orianna): Ghost 23s,3390,0.6168152433897456
[28:I6] Starlight Poppy: a lilso jc wasn'E tilt,3420,0.5955285755605666
[28:I7] Shaco eats Ashe (Shaco) is on the way,3420,0.7987197534229118
[28.25] [To] Starlight Poppy: okay ;,3420,0.8571976966481061
[28.35] arschbert Orianna): Ghost 235,3420,0.9313787644011849
[28.40] Starlighc Poppy (Illaoi): Teleport Ready,3420,0.9025467071995711
wait,3420,0.9994809627532959
[28.40] Starlight Poppy (Illaoi): Teleport Ready,3450,0.9697329443085294
[28.59] Shaco eats Ashe Clown (Shaco): wait xayah le,3450,0.9059503978652076
[29.05] Shaco eats Ashe (Shaco) has targeted Rutho,3450,0.5645541371362051
[29.06] Starlight Poppy (Illaoi): omg did kill,3450,0.9025811480965891
[29.17] Shaco eats Ashe Clown (Shaco): xayah comes,3480,0.7594007353234412
[29:19] Shaco eats Ashe Clown (Shaco):,3480,0.785633741481471
[29.21] Shaco eats Ashe Clown (Shaco): so tilting,3480,0.7102812460237702
[29.21] Shaco eats Ashe Clown (Shjaco): SO tilting,3510,0.6891727003412962
[29.25] arschbert (Orianna) has clairried Char3 4 (Kart,3510,0.5233145890755782
[29.34] KrowNNN (Draven) has sfiutdovn Brad Put,3510,0.2790198049303414
their bountyl (Teami Gold: 300G),3510,0.7689949803821059
~[29.36] Brad PIcta (VelKoz) is ori killing spreel,3510,0.7947139734117036
[29.39] Rutfio (Kled) hias shutcor) arschbert (Oriatif,3510,0.18585155385660565
bourityl (Tearr Gol: 300G),3510,0.3640165768233457
50G),3540,0.8251431411398095
[29.34] KrowNNN (Draveri) Has shutdown Brad ?Jc),3540,0.307147365660348
their bourity! (Team Gold 300G),3540,0.3787415177596375
[29.36] Brad PIca (Vel'koz)is on a killing spreel,3540,0.3423181150901184
[29.39] Rutho (KJed) has shutdowh arschbert (Oriang,3540,0.3457809580830138
bouficy! ((Tearr Gold: 300G),3540,0.5836062538033958
[29.42] Skinte (Thresh): Mountain Drake Spawyning,3540,0.7814629847272132
[29.48] Shaco eats Ashe Clown (Shaco): rip nash,3540,0.7152244931255203
[29.34] KrowNNN (Draverl) has sflutclowr Brad Pltt_,3570,0.19555421855731125
cheir bourityl (Teati Gold: 300G),3570,0.3727637856884993
[29.36] Brad Plca (Vel'Koz) is Ofl killing 'spreel,3570,0.6218759441679464
[29.39] Rutho (Kled) has shutcov arschbert (Orianr,3570,0.30825526009732523
bouricy! (Tearn Gold: 3OOG),3570,0.2319673849980833
[29.42] Skirite (Thresh): Mouriair Drake Spawning,3570,0.8428066731141579
[29.48] Shaco eats Ashie Cig)ri (Shjaco): rip nash,3570,0.5210892599874224
[30.09] Shaco eats Ashe Clewn (Shaco): xayah no r,3570,0.5239088017345604
[29.39] Rijra (KTed) has shutdow/r} arschberc (Oriarij,3600,0.09396198455199155
bouriy' (Team Gold: 300G),3600,0.5586553633639316
[29.42] Skinte (Thresh): Mouriaini Drake Spawning,3600,0.7561261064569933
[29.48] Shiaco eats Ashe Cigwri (Shjaco): rip nash,3600,0.676506704892683
[30.09] Shaco eats Ashe Cizwri (Shaco): xayah no r,3600,0.38165456382507457
[30:16] Skirite BnCo (Thresh): stop focusing 'Xayah,3600,0.48855478586957934
[30.18] Skirite BnCo (Thresh): shes useless,3600,0.578530134356503
[30.19] Skinte BnCo (Thresh): 2 items,3600,0.9141305036455643
[30.29] Shaco eats Ashe Clown (Shaco): ADI,3630,0.8663245875160729
[30.30] Shaco eats Ashe Clown (Shaco): CANT,3630,0.8286682178489174
[30.30] Shaco eats Ashe Clown (Shaco): ULT,3630,0.8641516132518376
[30.32] Shaco eats Ashe Clown (Shaco): CANT IGNI,3630,0.8982273204302074
[30.33] Shaco eats Ashe Clown (Shaco): CANT W,3630,0.9394235337977926
[30.34] Shaco eats Ashe Clown (Shaco): CANT E,3630,0.889041312940898
[30.36] Shaco eats Ashe Clown (Shaco): CANT DO,3630,0.5462759146700662
[30.39] Starlight Poppy (Illaoi) signals to be careful,3630,0.7730805728600237
[30.46] The enemy tear) has shirythe Mourjair) Drak,3660,0.3103673715009498
[30.30] Staco eatz Ashe Clewn (Shaco): ULT,3720,0.5348446358919535
[30.32] Stiaco eats Ashe Cl2w/n (Shaco): CANT IGNI,3720,0.5313800441159634
[30.33] Shaco eats Ashe Cieri (Shaco): CANT W,3720,0.42255110822450037
[30.34] Shaco eats Ashie Cizw/ri (Shjaco): CANT E,3720,0.367441121060041
[30.36] Shaco eats Ashe Cigwr (Shjaco): CANT DO,3720,0.40443076230069697
[30.39] Starlight Popp] (Illaoi) sigrals to be careful,3720,0.703891129527442
[30.46] TThe erern} tzaf kus shir) the rJujair) Drak,3720,0.05834514294106596
[31.20] Shaco eats Ashe (Shaco) sigrals thac erernies,3720,0.3810885248116973
[30.33] Shaco eats Aste Clewri (Shaco): CANT W,3750,0.3630115677775791
[30.34] Shaco eats Asfe Clgwri (Shaco): CANT E,3750,0.5071599235355435
[30.36] Shaco eats Ashe Cizr (Shaco): CANT DO,3750,0.3446668770704908
[30.39] Scarligfic Popp] (Illaoi) sigrlals to be careful,3750,0.6935453831073913
[30.46] TThe erjem/ Geari KnL shir) #e Foujtaln Drak,3750,0.05964675074589762
[31.2O] Shiaco eats Ashie (Shiaco) sigrials cfat erieries,3750,0.27361862189732544
[31:33] Sfiaco eats Ashe (Sfico) sigrals chat eriernies,3750,0.2880646489357974
[31.35] Shaco eats Ashe (Sfiaco) is ori the way,3750,0.3857691597371992
[30.46] The erierri} Iearr has shif) tke |butain Drak,3780,0.11167261222618627
[31.20] Shaco eats Ashe (Shaco) signals that enemies,3780,0.6198210870075992
[31:33] Shaco eats Ashe (Shaco) sigals that enemies,3780,0.6391418976999768
[31.35] Shaco eats Ashe (Shaco) is on the way,3780,0.7116436288307064
[31.39] Starlight Poppy (Illaoi) is on the way,3780,0.7785344889215985
[31.42] Starlight Poppy (Illaoi) hjas targeted the Iririer,3780,0.7079958924961197
[31:42] Stiaco eats Ashe (Shaco) is on] the way,3780,0.606816819565869
[31.47] Shaco eats Ashe (Shaco) has targeted the Irine,3780,0.5776910995820449
[3.39] Starlight Poppy (Illaoi) is on the way,3810,0.8428772700359642
[31:42] Starlight Poppy (Illaoi) has targeted the Inner,3810,0.8231384632804768
[31.42] Shaco eats Ashe (Shaco) is on the way,3810,0.6724504580825936
[3.47] Shaco eats Ashe (Shaco) has targeted the Ane,3810,0.4557867522166483
[3/.56] Shaco eats Ashe (Shaco) has targeted the Inn,3810,0.6960324149866333
[31.56] arschbert (Orianna): R - 3s,3810,0.672373640702015
[31.59] Shaco eats Ashe (Shaco) is on the way,3810,0.7494800733092633
[32.01] Shaco eats Ashe (Shaco) is on the way,3810,0.5870350095408545
[3/.56] arschbert (Orianra): R 31s,3840,0.4196330981954465
[32:15] arschbert (Orianna) R : 12s _,3840,0.29752895977742605
[32:[5] Starlight Poppy (Illaoi): xayah,3840,0.7288295845823045
[32:17] arschbert (Orianna): R - [Os,3840,0.5296774717484201
[32.[7] arschbert (Orianna): R - [Os,3840,0.6760391078104637
[32.21] Starlight Poppy (Illaoi): kled perfect counter,3840,0.9530595255415482
[32:15] Starlight  Popp] (Illaoi) xayah,3870,0.5266098591843664
[32.[7] arschbert (Oriarirja): R 0s,3870,0.4714839447834954
[32.|7] arschbert (Oriarria): R Os,3870,0.5705757875075204
[32.2I] Starlight Popp] (Illaoi): kled perfect counter ch,3870,0.5798727438834254
[32.26] arschbert PitJS (Oriariria): shaco,3870,0.32158962534442026
[32.29] arschbert PTIS (Oriarrla) go into all of them,3870,0.2757778695370925
[32.36] Starlighc Poppy (Ilhaoi) is onj the way,3870,0.7070477283476322
[32.37] Shaco eats Ashe (Sfaco) signals Skinte (Thre,3870,0.5957781616411111
Skie,3900,0.3696829378604889
[32:|7] arschbert (Orianna): R - IOs 13 W,3900,0.45332246200181564
[32.26] arschbert PHIS (Orianna): shaco,3900,0.49122903043762994
[32.29] arschbert PiIS (Orianra): go into all of thern,3900,0.33746925976995046
[32.36] Starlight Poppy (Illaoi) is on the wa,3900,0.7191469432502163
[32.37] Stlaco eats Fshe (Sfuco) sigrals Slante:,3900,0.13194404222321615
[32.39] arschbert PJS (Oriariria): 'fien 1 gve u ball,3900,0.2766758436460591
[32.42] Scarlight Popp] (Illaoi) haz tarzecad eun,3900,0.5183182264286652
327,3900,0.38012836396602806
[32.26] arschbert PuS (Orianna): shaco,3930,0.7053065831030814
[32.29] arschbert PuS (Orianna): go into all of them,3930,0.6228770835883004
[32.36] Starlight Poppy (Illaoi) is on the way,3930,0.7989472454622595
[32.37] Shaco eats Ashe (Shaco) signals Skinte (Thre,3930,0.9684673282502381
[32.39] arschbert PuS (Orianna): when give u ball,3930,0.8349072330003522
[32.42] Starlight Poppy (Illaoi) has targeted Char34,3930,0.957857685866817
[32.56] arschbert (Orianna) has slain Brad PItta (Velll,3930,0.4962978980013543
[33.01] arschbert (Orianna) has slain Char34 (Karma,3930,0.7788535716174855
30C,3930,0.5367562939086157
[33:/0] Shaco eats Ashe (Shaco) 'fias 'targered cfie Irihi,3960,0.4277061288109684
[33.[2] KrowNNN (Draven) has shutdowr Rutho (K,3960,0.6307361445772479
bountyl (Tearri Gold; 450G),3960,0.5457037531494753
[33:[ 3] Shaco eats Ashe (Shaco) is asking for assistanc,3960,0.5839486368361408
[33:[3] Shaco eats Ashe (Shaco) is asking for assistan,3960,0.6863379911891111
[33:[4] Shaco eats Ashe (Shaco) fuls targeted che Inhi,3960,0.5715217757575268
[33.[4] [All] Rustio (Kled): Gg,3960,0.29297593249311676
[33.14] Ally ceam has scored an acel ,3960,0.48420799455448776
3OC,3960,0.4741831619298313
85,3960,0.9999995785315409
bourityl (Tear Gold: 4506),3990,0.42778691021020776
[33:|3] Shaco eats Ashie (Shaco) is asking for assistanc,3990,0.6899946931165127
[33:/3] Shaco eats Ashe (Shiaco) is asking for assistan,3990,0.4462545993620558
[33:[4] Shaco eats Ashe (Shaco) has targeced the Inhi,3990,0.49995373461665965
[33.14] [All] Rutho (Kled): Gg,3990,0.5245839030359445
[33.14] Ally tea] Hias scored af] acel,3990,0.24947118994911663
[33.27] Shaco eats Asfe (Shaco) is on the way,3990,0.763135793861475
[33.31] Starlight  Poppy (Illaoi) is asking for assistance,3990,0.7166622782792463
[33.27] Shaco eats Ashe (Shaco) is on the way,4020,0.6857828713162917
[33.3 1] Starlight Poppy (Illaoi) is asking for assistance,4020,0.6851449440180635
[33.43] Shaco eats Ashe (Shaco) has targeted Nerha,4020,0.7292991157440887
[33.49] [All] arschbert PHlS (Orianna): gg,4020,0.38347552053091816
[33.50] Inting  Baguette (Xayah) has shutdown Krowl,4020,0.7139552679272169
their bountyl (Team Gold: 300G),4020,0.8007509836866813
[33.52] [All] Brad Ptta JRF[ (VelKoz): ggwp,4020,0.6177521120115865
[33.53] [All] KrowNNN (Draven): REPORT KELD,4020,0.9343242526608051
